"0","# Your Work Here
ozs %>% mutate(Metro = ifelse(Metro == 1, ""Metropolitan"", NA),
               Micro = ifelse(Micro == 1, ""Micropolitan"", NA),
               NoCBSAType = ifelse(NoCBSAType == 1, ""Non CBSA"", NA),
               Metro_Type = case_when(Metro == ""Metropolitan"" ~ ""Metropolitan"",
                                      Micro == ""Micropolitan"" ~ ""Micropolitan"",
                                      NoCBSAType == ""Non CBSA"" ~ ""Non CBSA"")) %>% 
  ggplot(aes(x=PovertyRate, fill=Designated))+geom_histogram(alpha=.6)+
  facet_wrap(~Metro_Type, scales = ""free"")
"
"2","`stat_bin()` using `bins = 30`. Pick better value with
`binwidth`.
"
"2","Warning:"
"2"," Removed 141 rows containing non-finite values (stat_bin).
"
