{"chunk_definitions":[{"row":17,"row_count":1,"visible":true,"expansion_state":0,"options":{"engine":"r","label":"setup","include":false},"document_id":"CCDA107A","chunk_id":"csetup_chunk","chunk_label":"setup"},{"row":44,"row_count":1,"visible":true,"expansion_state":0,"options":{"engine":"r","label":"unnamed-chunk-4"},"document_id":"CCDA107A","chunk_id":"c2rpn6v8cs5pm","chunk_label":"unnamed-chunk-1"},{"row":56,"row_count":1,"visible":true,"expansion_state":0,"options":{"engine":"r","label":"1_FactFinder","echo":false,"fig.cap":"data.census.gov landing page","out.width":"100%"},"document_id":"CCDA107A","chunk_id":"cdzqfspy6vebs","chunk_label":"1_FactFinder"},{"row":62,"row_count":1,"visible":true,"expansion_state":0,"options":{"engine":"r","label":"2_FactFinder","echo":false,"fig.caption":"Fact Finder Advanced Search","fic.width":"100%"},"document_id":"CCDA107A","chunk_id":"cq7r1iwq536qc","chunk_label":"2_FactFinder"},{"row":251,"row_count":1,"visible":true,"expansion_state":0,"options":{"engine":"r","error":false,"message":false,"label":"unnamed-chunk-2"},"document_id":"CCDA107A","chunk_id":"cyk0aar5m1cld","chunk_label":"unnamed-chunk-6"},{"row":269,"row_count":1,"visible":true,"expansion_state":0,"options":{"engine":"r","label":"unnamed-chunk-3"},"document_id":"CCDA107A","chunk_id":"cu7h7nc8x9qx9","chunk_label":"unnamed-chunk-8"}],"doc_write_time":1633278942,"working_dir":null,"default_chunk_options":{"echo":true},"chunk_rendered_width":548}