{"chunk_definitions":[{"row":17,"row_count":1,"visible":true,"expansion_state":0,"options":{"engine":"r","label":"setup","include":false},"document_id":"CCDA107A","chunk_id":"csetup_chunk","chunk_label":"setup"},{"row":44,"row_count":1,"visible":true,"expansion_state":0,"options":{"engine":"r","label":"unnamed-chunk-4"},"document_id":"CCDA107A","chunk_id":"c2rpn6v8cs5pm","chunk_label":"unnamed-chunk-1"},{"row":56,"row_count":1,"visible":true,"expansion_state":0,"options":{"engine":"r","label":"1_FactFinder","echo":false,"fig.cap":"data.census.gov landing page","out.width":"100%"},"document_id":"CCDA107A","chunk_id":"cdzqfspy6vebs","chunk_label":"1_FactFinder"},{"row":62,"row_count":1,"visible":true,"expansion_state":0,"options":{"engine":"r","label":"2_FactFinder","echo":false,"fig.caption":"Fact Finder Advanced Search","fic.width":"100%"},"document_id":"CCDA107A","chunk_id":"cq7r1iwq536qc","chunk_label":"2_FactFinder"},{"row":251,"row_count":1,"visible":true,"expansion_state":0,"options":{"engine":"r","error":false,"message":false,"label":"unnamed-chunk-2"},"document_id":"CCDA107A","chunk_id":"cyk0aar5m1cld","chunk_label":"unnamed-chunk-6"},{"row":269,"row_count":1,"visible":true,"expansion_state":0,"options":{"engine":"r","label":"unnamed-chunk-5"},"document_id":"CCDA107A","chunk_id":"cu7h7nc8x9qx9","chunk_label":"unnamed-chunk-8"},{"row":285,"row_count":1,"visible":true,"expansion_state":0,"options":{"engine":"r","label":"unnamed-chunk-6"},"document_id":"CCDA107A","chunk_id":"cubf6hyhi3vtp","chunk_label":"unnamed-chunk-9"},{"row":296,"row_count":1,"visible":true,"expansion_state":0,"options":{"engine":"r","label":"unnamed-chunk-7"},"document_id":"CCDA107A","chunk_id":"c7uohhqjg674u","chunk_label":"unnamed-chunk-10"},{"row":302,"row_count":1,"visible":true,"expansion_state":0,"options":{"engine":"r","label":"unnamed-chunk-8"},"document_id":"CCDA107A","chunk_id":"cm7ab4pselzl4","chunk_label":"unnamed-chunk-11"},{"row":308,"row_count":1,"visible":true,"expansion_state":0,"options":{"engine":"r","label":"unnamed-chunk-9"},"document_id":"CCDA107A","chunk_id":"cx7xb8wl8cf12","chunk_label":"unnamed-chunk-12"},{"row":320,"row_count":1,"visible":true,"expansion_state":0,"options":{"engine":"r","label":"unnamed-chunk-10"},"document_id":"CCDA107A","chunk_id":"ccu93lo9bgh4a","chunk_label":"unnamed-chunk-13"},{"row":328,"row_count":1,"visible":true,"expansion_state":0,"options":{"engine":"r","label":"unnamed-chunk-12"},"document_id":"CCDA107A","chunk_id":"cugsvdgvcil50","chunk_label":"unnamed-chunk-14"},{"row":343,"row_count":1,"visible":true,"expansion_state":0,"options":{"engine":"r","label":"unnamed-chunk-13"},"document_id":"CCDA107A","chunk_id":"cm9sts8h4fjly","chunk_label":"unnamed-chunk-15"},{"row":355,"row_count":1,"visible":true,"expansion_state":0,"options":{"engine":"r","label":"unnamed-chunk-14"},"document_id":"CCDA107A","chunk_id":"c0sq52g1zda4k","chunk_label":"unnamed-chunk-16"},{"row":375,"row_count":1,"visible":true,"expansion_state":0,"options":{"engine":"r","label":"unnamed-chunk-15"},"document_id":"CCDA107A","chunk_id":"c7mem3kj34pj7","chunk_label":"unnamed-chunk-17"},{"row":397,"row_count":1,"visible":true,"expansion_state":0,"options":{"engine":"r","label":"unnamed-chunk-17"},"document_id":"CCDA107A","chunk_id":"ck5epjefn1pzb","chunk_label":"unnamed-chunk-18"},{"row":403,"row_count":1,"visible":true,"expansion_state":0,"options":{"engine":"r","label":"unnamed-chunk-18"},"document_id":"CCDA107A","chunk_id":"c07j569d4ex9o","chunk_label":"unnamed-chunk-19"},{"row":413,"row_count":1,"visible":true,"expansion_state":0,"options":{"engine":"r","label":"unnamed-chunk-19"},"document_id":"CCDA107A","chunk_id":"ckzcyi5gm1mqo","chunk_label":"unnamed-chunk-20"},{"row":419,"row_count":1,"visible":true,"expansion_state":0,"options":{"engine":"r","label":"unnamed-chunk-20"},"document_id":"CCDA107A","chunk_id":"c5qnly961u8gi","chunk_label":"unnamed-chunk-21"},{"row":439,"row_count":1,"visible":true,"expansion_state":0,"options":{"engine":"r","label":"unnamed-chunk-21"},"document_id":"CCDA107A","chunk_id":"c4854vlnghc84","chunk_label":"unnamed-chunk-22"},{"row":461,"row_count":1,"visible":true,"expansion_state":0,"options":{"engine":"r","label":"unnamed-chunk-23"},"document_id":"CCDA107A","chunk_id":"clht4xd65yeae","chunk_label":"unnamed-chunk-24"},{"row":490,"row_count":1,"visible":true,"expansion_state":0,"options":{"engine":"r","label":"unnamed-chunk-30"},"document_id":"CCDA107A","chunk_id":"cyexn7sfoz6au","chunk_label":"unnamed-chunk-25"},{"row":501,"row_count":1,"visible":true,"expansion_state":0,"options":{"engine":"r","label":"unnamed-chunk-1"},"document_id":"CCDA107A","chunk_id":"c8s4z7vywdwxf","chunk_label":"unnamed-chunk-26"},{"row":507,"row_count":1,"visible":true,"expansion_state":0,"options":{"engine":"r","label":"unnamed-chunk-2"},"document_id":"CCDA107A","chunk_id":"cfid639hsjfbl","chunk_label":"unnamed-chunk-27"},{"row":515,"row_count":1,"visible":true,"expansion_state":0,"options":{"engine":"r","label":"unnamed-chunk-3"},"document_id":"CCDA107A","chunk_id":"cvom219kh72l1","chunk_label":"unnamed-chunk-28"},{"row":534,"row_count":1,"visible":true,"expansion_state":0,"options":{"engine":"r","label":"unnamed-chunk-5"},"document_id":"CCDA107A","chunk_id":"czmw34yrlnenm","chunk_label":"unnamed-chunk-29"},{"row":591,"row_count":1,"visible":true,"expansion_state":0,"options":{"engine":"r","label":"unnamed-chunk-7"},"document_id":"CCDA107A","chunk_id":"cgkaluklomp5f","chunk_label":"unnamed-chunk-30"},{"row":603,"row_count":1,"visible":true,"expansion_state":0,"options":{"engine":"r","label":"unnamed-chunk-9"},"document_id":"CCDA107A","chunk_id":"cd8a6k8m37alr","chunk_label":"unnamed-chunk-31"},{"row":722,"row_count":1,"visible":true,"expansion_state":0,"options":{"engine":"r","label":"unnamed-chunk-11"},"document_id":"CCDA107A","chunk_id":"clxwd7d3ihjm4","chunk_label":"unnamed-chunk-32"},{"row":728,"row_count":1,"visible":true,"expansion_state":0,"options":{"engine":"r","label":"unnamed-chunk-12"},"document_id":"CCDA107A","chunk_id":"candjtmxe2t21","chunk_label":"unnamed-chunk-33"},{"row":737,"row_count":1,"visible":true,"expansion_state":0,"options":{"engine":"r","label":"unnamed-chunk-15"},"document_id":"CCDA107A","chunk_id":"c5z0a6hx00yo0","chunk_label":"unnamed-chunk-34"},{"row":751,"row_count":1,"visible":true,"expansion_state":0,"options":{"engine":"r","label":"unnamed-chunk-17"},"document_id":"CCDA107A","chunk_id":"cim75wtgvhinr","chunk_label":"unnamed-chunk-35"},{"row":768,"row_count":1,"visible":true,"expansion_state":0,"options":{"engine":"r","label":"unnamed-chunk-6"},"document_id":"CCDA107A","chunk_id":"c0njjels6tt9i","chunk_label":"unnamed-chunk-36"},{"row":778,"row_count":1,"visible":true,"expansion_state":0,"options":{"engine":"r","label":"unnamed-chunk-1"},"document_id":"CCDA107A","chunk_id":"cdmcsmad6x35r","chunk_label":"unnamed-chunk-37"},{"row":786,"row_count":1,"visible":true,"expansion_state":0,"options":{"engine":"r","label":"unnamed-chunk-17"},"document_id":"CCDA107A","chunk_id":"crwx1efyxgs3s","chunk_label":"unnamed-chunk-38"},{"row":796,"row_count":1,"visible":true,"expansion_state":0,"options":{"engine":"r","label":"unnamed-chunk-16"},"document_id":"CCDA107A","chunk_id":"c8q5yt177ypux","chunk_label":"unnamed-chunk-39"},{"row":808,"row_count":1,"visible":true,"expansion_state":0,"options":{"engine":"r","label":"unnamed-chunk-1"},"document_id":"CCDA107A","chunk_id":"coyycrtk2gatg","chunk_label":"unnamed-chunk-40"},{"row":813,"row_count":1,"visible":true,"expansion_state":0,"options":{"engine":"r","label":"unnamed-chunk-1"},"document_id":"CCDA107A","chunk_id":"c0ypjingcwvh0","chunk_label":"unnamed-chunk-41"},{"row":824,"row_count":1,"visible":true,"expansion_state":0,"options":{"engine":"r","label":"unnamed-chunk-2"},"document_id":"CCDA107A","chunk_id":"cdho999ztss3c","chunk_label":"unnamed-chunk-42"},{"row":836,"row_count":1,"visible":true,"expansion_state":0,"options":{"engine":"r","label":"unnamed-chunk-3"},"document_id":"CCDA107A","chunk_id":"c98olzrpute4g","chunk_label":"unnamed-chunk-43"},{"row":844,"row_count":1,"visible":true,"expansion_state":0,"options":{"engine":"r","label":"unnamed-chunk-4"},"document_id":"CCDA107A","chunk_id":"c0mq3jfn0stx3","chunk_label":"unnamed-chunk-44"},{"row":854,"row_count":1,"visible":true,"expansion_state":0,"options":{"engine":"r","label":"unnamed-chunk-7"},"document_id":"CCDA107A","chunk_id":"c3soq4j6dnmkr","chunk_label":"unnamed-chunk-45"},{"row":865,"row_count":1,"visible":true,"expansion_state":0,"options":{"engine":"r","label":"unnamed-chunk-17"},"document_id":"CCDA107A","chunk_id":"cxz0ar6im6gmt","chunk_label":"unnamed-chunk-46"},{"row":878,"row_count":1,"visible":true,"expansion_state":0,"options":{"engine":"r","label":"unnamed-chunk-1"},"document_id":"CCDA107A","chunk_id":"cdo61hc2wj3ok","chunk_label":"unnamed-chunk-47"},{"row":887,"row_count":1,"visible":true,"expansion_state":0,"options":{"engine":"r","label":"unnamed-chunk-3"},"document_id":"CCDA107A","chunk_id":"cwto2cyzc9skz","chunk_label":"unnamed-chunk-48"},{"row":897,"row_count":1,"visible":true,"expansion_state":0,"options":{"engine":"r","label":"unnamed-chunk-1"},"document_id":"CCDA107A","chunk_id":"c96csz060pjxl","chunk_label":"unnamed-chunk-49"},{"row":908,"row_count":1,"visible":true,"expansion_state":0,"options":{"engine":"r","label":"unnamed-chunk-2"},"document_id":"CCDA107A","chunk_id":"c05ignzb5ps1y","chunk_label":"unnamed-chunk-50"},{"row":917,"row_count":1,"visible":true,"expansion_state":0,"options":{"engine":"r","label":"unnamed-chunk-2"},"document_id":"CCDA107A","chunk_id":"ctbxnt9724tl0","chunk_label":"unnamed-chunk-51"}],"doc_write_time":1633290314,"working_dir":null,"default_chunk_options":{"echo":true},"chunk_rendered_width":527}