{"chunk_definitions":[{"row":18,"row_count":1,"visible":true,"expansion_state":0,"options":{"engine":"r","label":"setup","include":false},"document_id":"CCDA107A","chunk_id":"csetup_chunk","chunk_label":"setup"},{"row":57,"row_count":1,"visible":true,"expansion_state":0,"options":{"engine":"r","label":"1_FactFinder","echo":false,"fig.cap":"data.census.gov landing page","out.width":"100%"},"document_id":"CCDA107A","chunk_id":"cdzqfspy6vebs","chunk_label":"1_FactFinder"},{"row":63,"row_count":1,"visible":true,"expansion_state":0,"options":{"engine":"r","label":"2_FactFinder","echo":false,"fig.caption":"Fact Finder Advanced Search","fic.width":"100%"},"document_id":"CCDA107A","chunk_id":"cq7r1iwq536qc","chunk_label":"2_FactFinder"},{"row":69,"row_count":1,"visible":true,"expansion_state":0,"options":{"engine":"r","label":"3_FactFinder","echo":false,"fig.caption":"Census Geographic Hierarchy","fig_width":"100%"},"document_id":"CCDA107A","chunk_id":"ci0l780bpk569","chunk_label":"3_FactFinder"}],"doc_write_time":1633276851,"working_dir":null,"default_chunk_options":{"echo":true},"chunk_rendered_width":419}