{"chunk_definitions":[{"row":17,"row_count":1,"visible":true,"expansion_state":0,"options":{"engine":"r","label":"setup","include":false},"document_id":"CCDA107A","chunk_id":"csetup_chunk","chunk_label":"setup"},{"row":44,"row_count":1,"visible":true,"expansion_state":0,"options":{"engine":"r","label":"unnamed-chunk-4"},"document_id":"CCDA107A","chunk_id":"c2rpn6v8cs5pm","chunk_label":"unnamed-chunk-1"},{"row":56,"row_count":1,"visible":true,"expansion_state":0,"options":{"engine":"r","label":"1_FactFinder","echo":false,"fig.cap":"data.census.gov landing page","out.width":"100%"},"document_id":"CCDA107A","chunk_id":"cdzqfspy6vebs","chunk_label":"1_FactFinder"},{"row":62,"row_count":1,"visible":true,"expansion_state":0,"options":{"engine":"r","label":"2_FactFinder","echo":false,"fig.caption":"Fact Finder Advanced Search","fic.width":"100%"},"document_id":"CCDA107A","chunk_id":"cq7r1iwq536qc","chunk_label":"2_FactFinder"},{"row":251,"row_count":1,"visible":true,"expansion_state":0,"options":{"engine":"r","error":false,"message":false,"label":"unnamed-chunk-2"},"document_id":"CCDA107A","chunk_id":"cyk0aar5m1cld","chunk_label":"unnamed-chunk-6"},{"row":269,"row_count":1,"visible":true,"expansion_state":0,"options":{"engine":"r","label":"unnamed-chunk-5"},"document_id":"CCDA107A","chunk_id":"cu7h7nc8x9qx9","chunk_label":"unnamed-chunk-8"},{"row":285,"row_count":1,"visible":true,"expansion_state":0,"options":{"engine":"r","label":"unnamed-chunk-6"},"document_id":"CCDA107A","chunk_id":"cubf6hyhi3vtp","chunk_label":"unnamed-chunk-9"},{"row":296,"row_count":1,"visible":true,"expansion_state":0,"options":{"engine":"r","label":"unnamed-chunk-7"},"document_id":"CCDA107A","chunk_id":"c7uohhqjg674u","chunk_label":"unnamed-chunk-10"},{"row":302,"row_count":1,"visible":true,"expansion_state":0,"options":{"engine":"r","label":"unnamed-chunk-8"},"document_id":"CCDA107A","chunk_id":"cm7ab4pselzl4","chunk_label":"unnamed-chunk-11"},{"row":308,"row_count":1,"visible":true,"expansion_state":0,"options":{"engine":"r","label":"unnamed-chunk-9"},"document_id":"CCDA107A","chunk_id":"cx7xb8wl8cf12","chunk_label":"unnamed-chunk-12"},{"row":320,"row_count":1,"visible":true,"expansion_state":0,"options":{"engine":"r","label":"unnamed-chunk-10"},"document_id":"CCDA107A","chunk_id":"ccu93lo9bgh4a","chunk_label":"unnamed-chunk-13"},{"row":328,"row_count":1,"visible":true,"expansion_state":0,"options":{"engine":"r","label":"unnamed-chunk-12"},"document_id":"CCDA107A","chunk_id":"cugsvdgvcil50","chunk_label":"unnamed-chunk-14"}],"doc_write_time":1633279086,"working_dir":null,"default_chunk_options":{"echo":true},"chunk_rendered_width":678}