{"chunk_definitions":[{"row":15,"row_count":1,"visible":true,"expansion_state":0,"options":{"engine":"r","label":"setup","include":false},"document_id":"33934426","chunk_id":"csetup_chunk","chunk_label":"setup"},{"row":53,"row_count":1,"visible":true,"expansion_state":0,"options":{"engine":"r","label":"unnamed-chunk-4"},"document_id":"33934426","chunk_id":"c9vw0xvgdna9j","chunk_label":"unnamed-chunk-1"},{"row":75,"row_count":1,"visible":true,"expansion_state":0,"options":{"engine":"r","label":"unnamed-chunk-2"},"document_id":"33934426","chunk_id":"cfhakd3viny1z","chunk_label":"unnamed-chunk-3"}],"doc_write_time":1632345206,"working_dir":null,"default_chunk_options":{"echo":true}}