"0","get_acs(geography = ""tract"", state=""IL"", county =""Champaign"", variables = c(age = ""B01002_001""), year=2019, survey = ""acs3"", geometry=TRUE) %>% 
    mutate(NAME = str_replace(NAME, "", Champaign County, Illinois"", """")) %>% 
  ggplot(aes(x = estimate, y = reorder(NAME, estimate))) +
  geom_errorbarh(aes(xmin = estimate - moe, xmax = estimate + moe)) +
  geom_point(color = ""blue"", size = 1) +
  labs(title = ""Median Age by Census Tract"",
       caption = ""Note: bars represent margin of error \nData Source: 2015-2019 American Community Survey"",
       y = """",
       x = ""Age"")
"
"2","Error: 3-year ACS support in tidycensus begins with the 2005-2007 3-year ACS and ends with the 2011-2013 3-year ACS. For newer data, use the 1-year or 5-year ACS.
"
