{"chunk_definitions":[{"row":16,"row_count":1,"visible":true,"expansion_state":0,"options":{"engine":"r","label":"setup","include":false},"document_id":"F91C9415","chunk_id":"csetup_chunk","chunk_label":"setup"},{"row":35,"row_count":1,"visible":true,"expansion_state":0,"options":{"engine":"r","label":"unnamed-chunk-5"},"document_id":"7187EF74","chunk_id":"cx95j1kic0ajr","chunk_label":"unnamed-chunk-1"},{"row":47,"row_count":1,"visible":true,"expansion_state":0,"options":{"engine":"r","label":"unnamed-chunk-4"},"document_id":"7187EF74","chunk_id":"c7cvdjcq17orn","chunk_label":"unnamed-chunk-2"},{"row":55,"row_count":1,"visible":true,"expansion_state":0,"options":{"engine":"r","label":"unnamed-chunk-1"},"document_id":"F91C9415","chunk_id":"cnsp24xyk6x2c","chunk_label":"unnamed-chunk-3"},{"row":373,"row_count":1,"visible":true,"expansion_state":0,"options":{"engine":"r","label":"unnamed-chunk-2"},"document_id":"7187EF74","chunk_id":"ck1xaxh12s5g6","chunk_label":"unnamed-chunk-17"},{"row":390,"row_count":1,"visible":true,"expansion_state":0,"options":{"engine":"r","label":"unnamed-chunk-1"},"document_id":"7187EF74","chunk_id":"c5yqwazyfc6bd","chunk_label":"unnamed-chunk-18"}],"doc_write_time":1630981507,"working_dir":null,"default_chunk_options":{"echo":true}}