{"chunk_definitions":[{"row":21,"row_count":1,"visible":true,"expansion_state":0,"options":[],"document_id":null,"chunk_id":"cxzxrz6x52wd0","chunk_label":"X_LearningCurve"},{"row":53,"row_count":1,"visible":true,"expansion_state":0,"options":[],"document_id":null,"chunk_id":"cnu4242bvs1eq","chunk_label":"X_Analogy"},{"row":60,"row_count":1,"visible":true,"expansion_state":0,"options":[],"document_id":null,"chunk_id":"c6a4kzce50118","chunk_label":"X_RStudio Interface"},{"row":76,"row_count":1,"visible":true,"expansion_state":0,"options":[],"document_id":null,"chunk_id":"cozddeq85mnjp","chunk_label":"unnamed-chunk-1"},{"row":86,"row_count":1,"visible":true,"expansion_state":0,"options":[],"document_id":null,"chunk_id":"czc77zcc0b5bz","chunk_label":"unnamed-chunk-2"}],"doc_write_time":1629426519}