{"chunk_definitions":[{"row":46,"row_count":1,"visible":true,"expansion_state":0,"options":[],"document_id":null,"chunk_id":"csdhhckciwc0p","chunk_label":"unnamed-chunk-1"},{"row":60,"row_count":1,"visible":true,"expansion_state":0,"options":[],"document_id":null,"chunk_id":"cmzozrzfdbs36","chunk_label":"unnamed-chunk-2"},{"row":65,"row_count":1,"visible":true,"expansion_state":0,"options":[],"document_id":null,"chunk_id":"cgftihuzr449j","chunk_label":"unnamed-chunk-3"},{"row":69,"row_count":1,"visible":true,"expansion_state":0,"options":[],"document_id":null,"chunk_id":"cb6azz48fjk9i","chunk_label":"unnamed-chunk-4"},{"row":78,"row_count":1,"visible":true,"expansion_state":0,"options":[],"document_id":null,"chunk_id":"cx077pz6a3i5p","chunk_label":"unnamed-chunk-5"},{"row":83,"row_count":1,"visible":true,"expansion_state":0,"options":[],"document_id":null,"chunk_id":"c246i71o8hrrc","chunk_label":"unnamed-chunk-6"},{"row":102,"row_count":1,"visible":true,"expansion_state":0,"options":[],"document_id":null,"chunk_id":"csp8f99rtcsjr","chunk_label":"unnamed-chunk-7"},{"row":115,"row_count":1,"visible":true,"expansion_state":0,"options":[],"document_id":null,"chunk_id":"c0g4jyud3yblm","chunk_label":"unnamed-chunk-8"},{"row":121,"row_count":1,"visible":true,"expansion_state":0,"options":[],"document_id":null,"chunk_id":"cdm6ssschxrbe","chunk_label":"unnamed-chunk-9"},{"row":128,"row_count":1,"visible":true,"expansion_state":0,"options":[],"document_id":null,"chunk_id":"ce533hqc94log","chunk_label":"unnamed-chunk-10"},{"row":137,"row_count":1,"visible":true,"expansion_state":0,"options":[],"document_id":null,"chunk_id":"c13bcnjkqre0t","chunk_label":"unnamed-chunk-11"},{"row":142,"row_count":1,"visible":true,"expansion_state":0,"options":[],"document_id":null,"chunk_id":"c4i3gdhic342i","chunk_label":"unnamed-chunk-12"},{"row":146,"row_count":1,"visible":true,"expansion_state":0,"options":[],"document_id":null,"chunk_id":"cgc8ixk8yj6dx","chunk_label":"unnamed-chunk-13"},{"row":164,"row_count":1,"visible":true,"expansion_state":0,"options":[],"document_id":null,"chunk_id":"cwzjrwyx0ig9l","chunk_label":"unnamed-chunk-14"},{"row":180,"row_count":1,"visible":true,"expansion_state":0,"options":[],"document_id":null,"chunk_id":"cukyrbt5954l6","chunk_label":"unnamed-chunk-15"},{"row":188,"row_count":1,"visible":true,"expansion_state":0,"options":[],"document_id":null,"chunk_id":"c5kmxd0v3ugg5","chunk_label":"unnamed-chunk-16"},{"row":197,"row_count":1,"visible":true,"expansion_state":0,"options":[],"document_id":null,"chunk_id":"cu0dq6354or90","chunk_label":"unnamed-chunk-17"},{"row":203,"row_count":1,"visible":true,"expansion_state":0,"options":[],"document_id":null,"chunk_id":"ccu7p6qnplcb3","chunk_label":"unnamed-chunk-18"},{"row":213,"row_count":1,"visible":true,"expansion_state":0,"options":[],"document_id":null,"chunk_id":"cjaoqxfre80x9","chunk_label":"unnamed-chunk-19"},{"row":219,"row_count":1,"visible":true,"expansion_state":0,"options":[],"document_id":null,"chunk_id":"cwl43cl8z7ks1","chunk_label":"unnamed-chunk-20"},{"row":224,"row_count":1,"visible":true,"expansion_state":0,"options":[],"document_id":null,"chunk_id":"ckrxn9qc5lsmi","chunk_label":"unnamed-chunk-21"},{"row":232,"row_count":1,"visible":true,"expansion_state":0,"options":[],"document_id":null,"chunk_id":"ct8dneqieq090","chunk_label":"unnamed-chunk-22"},{"row":242,"row_count":1,"visible":true,"expansion_state":0,"options":[],"document_id":null,"chunk_id":"cp85cw9joyiom","chunk_label":"unnamed-chunk-23"},{"row":255,"row_count":1,"visible":true,"expansion_state":0,"options":[],"document_id":null,"chunk_id":"cfy9ncf3l1oow","chunk_label":"unnamed-chunk-24"},{"row":261,"row_count":1,"visible":true,"expansion_state":0,"options":[],"document_id":null,"chunk_id":"chaebkvsj9dm7","chunk_label":"unnamed-chunk-25"},{"row":277,"row_count":1,"visible":true,"expansion_state":0,"options":[],"document_id":null,"chunk_id":"c0qgaj9o3lkjd","chunk_label":"unnamed-chunk-26"},{"row":291,"row_count":1,"visible":true,"expansion_state":0,"options":[],"document_id":null,"chunk_id":"c6r8grbvt2p9b","chunk_label":"unnamed-chunk-27"},{"row":297,"row_count":1,"visible":true,"expansion_state":0,"options":[],"document_id":null,"chunk_id":"c2qkp0qcrv7ua","chunk_label":"unnamed-chunk-28"},{"row":305,"row_count":1,"visible":true,"expansion_state":0,"options":[],"document_id":null,"chunk_id":"c7rpwasirtrpf","chunk_label":"unnamed-chunk-29"},{"row":309,"row_count":1,"visible":true,"expansion_state":0,"options":[],"document_id":null,"chunk_id":"c12kenh53k73o","chunk_label":"unnamed-chunk-30"}],"doc_write_time":1629426869}