"0","```r
F_1970<-read_csv(\"data_raw/LTDB_Std_1970_fullcount.csv\", col_types = cols(TRTID10=col_character())) %>%
  mutate(TRTID10 = str_pad(TRTID10, width = 11, side=\"left\", pad= \"0\"))

S_1970<-read_csv(\"data_raw/ltdb_std_1970_sample.csv\", col_types = cols(TRTID10=col_character())) %>%
  mutate(TRTID10 = str_pad(TRTID10, width = 11, side=\"left\", pad= \"0\"))

# Finish (re)importing the LTDB data here.
# Your Work Here
F_1980<-read_csv(\"data_raw/LTDB_Std_1980_fullcount.csv\", col_types = cols(TRTID10=col_character())) %>%
  mutate(TRTID10 = str_pad(TRTID10, width = 11, side=\"left\", pad= \"0\"))
S_1980<-read_csv(\"data_raw/ltdb_std_1980_sample.csv\", col_types = cols(trtid10=col_character())) %>% 
  rename(TRTID10 = trtid10) %>%
  mutate(TRTID10 = str_pad(TRTID10, width = 11, side=\"left\", pad= \"0\"))

F_1990<-read_csv(\"data_raw/LTDB_Std_1990_fullcount.csv\", col_types = cols(TRTID10=col_character())) %>%
  mutate(TRTID10 = str_pad(TRTID10, width = 11, side=\"left\", pad= \"0\"))
S_1990<-read_csv(\"data_raw/ltdb_std_1990_sample.csv\", col_types = cols(TRTID10=col_character())) %>%
  mutate(TRTID10 = str_pad(TRTID10, width = 11, side=\"left\", pad= \"0\"))

F_2000<-read_csv(\"data_raw/LTDB_Std_2000_fullcount.csv\", col_types = cols(TRTID10=col_character())) %>%
  mutate(TRTID10 = str_pad(TRTID10, width = 11, side=\"left\", pad= \"0\"))
S_2000<-read_csv(\"data_raw/ltdb_std_2000_sample.csv\", col_types = cols(TRTID10=col_character())) %>%
  mutate(TRTID10 = str_pad(TRTID10, width = 11, side=\"left\", pad= \"0\"))

F_2010<-read_csv(\"data_raw/LTDB_Std_2010_fullcount.csv\", col_types = cols(tractid=col_character())) %>%
    rename(TRTID10 = tractid) %>%
  mutate(TRTID10 = str_pad(TRTID10, width = 11, side=\"left\", pad= \"0\"))
S_2010<-read_csv(\"data_raw/ltdb_std_2010_sample.csv\", col_types = cols(tractid=col_character())) %>%
      rename(TRTID10 = tractid) %>%
  mutate(TRTID10 = str_pad(TRTID10, width = 11, side=\"left\", pad= \"0\"))

```"
