{"chunk_definitions":[{"chunk_id":"c1f12b5d3b9hb","expansion_state":0,"options":[],"row":12,"row_count":1,"visible":true},{"chunk_id":"cyd9zanijimmq","expansion_state":0,"options":[],"row":24,"row_count":1,"visible":true},{"chunk_id":"coxv9klm3yxyz","expansion_state":0,"options":[],"row":29,"row_count":1,"visible":true},{"chunk_id":"c27cuw169k3v7","expansion_state":0,"options":[],"row":34,"row_count":1,"visible":true},{"chunk_id":"ccy9htxwklkb8","expansion_state":0,"options":[],"row":42,"row_count":1,"visible":true},{"chunk_id":"c3yzc4wblfu7x","expansion_state":0,"options":[],"row":50,"row_count":1,"visible":true},{"chunk_id":"cfgdrlqbrng7x","expansion_state":0,"options":[],"row":58,"row_count":1,"visible":true},{"chunk_id":"c4gr2mnm71cwa","expansion_state":0,"options":[],"row":65,"row_count":1,"visible":true},{"chunk_id":"cwrjtavd6y3ar","expansion_state":0,"options":[],"row":72,"row_count":1,"visible":true}],"doc_write_time":1612574216,"chunk_rendered_width":602}