{"chunk_definitions":[{"row":15,"row_count":1,"visible":true,"expansion_state":0,"options":{"engine":"r","label":"setup","include":false},"document_id":"3F2B838A","chunk_id":"csetup_chunk","chunk_label":"setup"},{"row":73,"row_count":1,"visible":true,"expansion_state":0,"options":{"engine":"r","label":"unnamed-chunk-1"},"document_id":"3F2B838A","chunk_id":"c88es5xyck37u","chunk_label":"unnamed-chunk-3"},{"row":87,"row_count":1,"visible":true,"expansion_state":0,"options":{"engine":"r","label":"unnamed-chunk-1"},"document_id":"3F2B838A","chunk_id":"cl84g7d6o5btz","chunk_label":"unnamed-chunk-5"},{"row":115,"row_count":1,"visible":true,"expansion_state":0,"options":{"engine":"r","label":"unnamed-chunk-2"},"document_id":"3F2B838A","chunk_id":"c3vfkbvv61df6","chunk_label":"unnamed-chunk-7"},{"row":125,"row_count":1,"visible":true,"expansion_state":0,"options":{"engine":"r","label":"unnamed-chunk-1"},"document_id":"3F2B838A","chunk_id":"c9hu1644efors","chunk_label":"unnamed-chunk-8"},{"row":145,"row_count":1,"visible":true,"expansion_state":0,"options":{"engine":"r","label":"unnamed-chunk-2"},"document_id":"3F2B838A","chunk_id":"celesd85k7nm5","chunk_label":"unnamed-chunk-9"},{"row":155,"row_count":1,"visible":true,"expansion_state":0,"options":{"engine":"r","label":"unnamed-chunk-3"},"document_id":"3F2B838A","chunk_id":"cu2ec3n14easy","chunk_label":"unnamed-chunk-10"},{"row":165,"row_count":1,"visible":true,"expansion_state":0,"options":{"engine":"r","label":"unnamed-chunk-4"},"document_id":"3F2B838A","chunk_id":"cgfyoi6dg9lvi","chunk_label":"unnamed-chunk-11"},{"row":181,"row_count":1,"visible":true,"expansion_state":0,"options":{"engine":"r","label":"unnamed-chunk-5"},"document_id":"3F2B838A","chunk_id":"cbaa77zp47oh0","chunk_label":"unnamed-chunk-12"},{"row":192,"row_count":1,"visible":true,"expansion_state":0,"options":{"engine":"r","label":"unnamed-chunk-3"},"document_id":"3F2B838A","chunk_id":"cnss4d2wpp3vd","chunk_label":"unnamed-chunk-13"},{"row":207,"row_count":1,"visible":true,"expansion_state":0,"options":{"engine":"r","label":"unnamed-chunk-4"},"document_id":"3F2B838A","chunk_id":"cgr9brkow76jn","chunk_label":"unnamed-chunk-14"},{"row":216,"row_count":1,"visible":true,"expansion_state":0,"options":{"engine":"r","label":"unnamed-chunk-1"},"document_id":"3F2B838A","chunk_id":"c4nt903049fkl","chunk_label":"unnamed-chunk-15"},{"row":226,"row_count":1,"visible":true,"expansion_state":0,"options":{"engine":"r","label":"unnamed-chunk-2"},"document_id":"3F2B838A","chunk_id":"cbawgn3dvc5m2","chunk_label":"unnamed-chunk-16"},{"row":252,"row_count":1,"visible":true,"expansion_state":0,"options":{"engine":"r","label":"unnamed-chunk-3"},"document_id":"3F2B838A","chunk_id":"c0tmtmes7zqjx","chunk_label":"unnamed-chunk-18"},{"row":260,"row_count":1,"visible":true,"expansion_state":0,"options":{"engine":"r","label":"unnamed-chunk-4"},"document_id":"3F2B838A","chunk_id":"cyfk7kxkqsb1f","chunk_label":"unnamed-chunk-19"},{"row":265,"row_count":1,"visible":true,"expansion_state":0,"options":{"engine":"r","label":"unnamed-chunk-5"},"document_id":"3F2B838A","chunk_id":"cxw140q2pklw4","chunk_label":"unnamed-chunk-20"},{"row":277,"row_count":1,"visible":true,"expansion_state":0,"options":{"engine":"r","label":"unnamed-chunk-6"},"document_id":"3F2B838A","chunk_id":"c829t7pm48n9s","chunk_label":"unnamed-chunk-21"},{"row":297,"row_count":1,"visible":true,"expansion_state":0,"options":{"engine":"r","label":"unnamed-chunk-7"},"document_id":"3F2B838A","chunk_id":"cn11j6cc103oa","chunk_label":"unnamed-chunk-22"},{"row":327,"row_count":1,"visible":true,"expansion_state":0,"options":{"engine":"r","label":"unnamed-chunk-8"},"document_id":"3F2B838A","chunk_id":"cvirx6l77ae09","chunk_label":"unnamed-chunk-23"},{"row":342,"row_count":1,"visible":true,"expansion_state":0,"options":{"engine":"r","label":"unnamed-chunk-9"},"document_id":"3F2B838A","chunk_id":"catvz2i1h4tlk","chunk_label":"unnamed-chunk-24"},{"row":353,"row_count":1,"visible":true,"expansion_state":0,"options":{"engine":"r","label":"unnamed-chunk-10"},"document_id":"3F2B838A","chunk_id":"cx48v5jwkjuq4","chunk_label":"unnamed-chunk-25"},{"row":363,"row_count":1,"visible":true,"expansion_state":0,"options":{"engine":"r","label":"unnamed-chunk-11"},"document_id":"3F2B838A","chunk_id":"cillekrzx093a","chunk_label":"unnamed-chunk-26"},{"row":373,"row_count":1,"visible":true,"expansion_state":0,"options":{"engine":"r","label":"unnamed-chunk-12"},"document_id":"3F2B838A","chunk_id":"cmnodc8v091lh","chunk_label":"unnamed-chunk-27"},{"row":392,"row_count":1,"visible":true,"expansion_state":0,"options":{"engine":"r","label":"unnamed-chunk-13"},"document_id":"3F2B838A","chunk_id":"ckrs5b1jwcdlv","chunk_label":"unnamed-chunk-28"},{"row":400,"row_count":1,"visible":true,"expansion_state":0,"options":{"engine":"r","label":"unnamed-chunk-14"},"document_id":"3F2B838A","chunk_id":"c9skm5u51yau8","chunk_label":"unnamed-chunk-29"},{"row":413,"row_count":1,"visible":true,"expansion_state":0,"options":{"engine":"r","label":"unnamed-chunk-15"},"document_id":"3F2B838A","chunk_id":"che7uam1a8r55","chunk_label":"unnamed-chunk-30"}],"doc_write_time":1631330599,"working_dir":null,"default_chunk_options":{"echo":true},"chunk_rendered_width":503}