"0","```r
ggplot(data=ozs %>% filter(state %in% c(\"Illinois\", \"Indiana\", \"Iowa\", \"Kansas\", \"Michigan\", \"Minnesota\", \"Missouri\", \"Nebraska\", \"North Dakota\", \"Ohio\", \"South Dakota\", \"Wisconsin\")), aes(x=medhhincome2014_tract, fill = Designated))+
  geom_histogram(binwidth = 2500)+
  labs(title = \"Eligible Tract Income Distribution\", x=\"Median Household Income ($)\", y= \"Tracts\")+
  theme_minimal()+
  facet_wrap(~ state)

```"
"1","Warning: Removed 28 rows containing non-finite values (stat_bin).
"
