{"chunk_definitions":[{"row":21,"row_count":1,"visible":true,"expansion_state":0,"options":[],"document_id":null,"chunk_id":"chizidksvfqxf","chunk_label":"X_LearningCurve"},{"row":53,"row_count":1,"visible":true,"expansion_state":0,"options":[],"document_id":null,"chunk_id":"crkay3r1ei7wo","chunk_label":"X_Analogy"},{"row":60,"row_count":1,"visible":true,"expansion_state":0,"options":[],"document_id":null,"chunk_id":"cffiamvxu0g4r","chunk_label":"X_RStudio Interface"},{"row":95,"row_count":1,"visible":true,"expansion_state":0,"options":{"engine":"r","label":"unnamed-chunk-1"},"document_id":"7CF42766","chunk_id":"ct9nasyv0416d","chunk_label":"unnamed-chunk-3"},{"row":110,"row_count":1,"visible":true,"expansion_state":0,"options":{"engine":"r","label":"unnamed-chunk-4"},"document_id":"7CF42766","chunk_id":"cijn84zmvlnpz","chunk_label":"unnamed-chunk-4"},{"row":119,"row_count":1,"visible":true,"expansion_state":0,"options":{"engine":"r","label":"unnamed-chunk-1"},"document_id":"7CF42766","chunk_id":"cezwnsb9i187l","chunk_label":"unnamed-chunk-5"},{"row":127,"row_count":1,"visible":true,"expansion_state":0,"options":{"engine":"r","label":"unnamed-chunk-2"},"document_id":"7CF42766","chunk_id":"c5j4boyg45cec","chunk_label":"unnamed-chunk-6"},{"row":145,"row_count":1,"visible":true,"expansion_state":0,"options":{"engine":"r","label":"unnamed-chunk-5"},"document_id":"7CF42766","chunk_id":"ck9q0a5apspgj","chunk_label":"unnamed-chunk-9"},{"row":151,"row_count":1,"visible":true,"expansion_state":0,"options":{"engine":"r","label":"unnamed-chunk-6"},"document_id":"7CF42766","chunk_id":"cc3mvleovdvgl","chunk_label":"unnamed-chunk-10"},{"row":155,"row_count":1,"visible":true,"expansion_state":0,"options":{"engine":"r","label":"unnamed-chunk-7"},"document_id":"7CF42766","chunk_id":"cfnnr2slefdzx","chunk_label":"unnamed-chunk-11"},{"row":162,"row_count":1,"visible":true,"expansion_state":0,"options":{"engine":"r","label":"unnamed-chunk-8"},"document_id":"7CF42766","chunk_id":"cabj0kvl1qdu9","chunk_label":"unnamed-chunk-12"},{"row":166,"row_count":1,"visible":true,"expansion_state":0,"options":{"engine":"r","label":"unnamed-chunk-9"},"document_id":"7CF42766","chunk_id":"c1my70akokxpt","chunk_label":"unnamed-chunk-13"},{"row":170,"row_count":1,"visible":true,"expansion_state":0,"options":{"engine":"r","label":"unnamed-chunk-10"},"document_id":"7CF42766","chunk_id":"c5goa31xa7xt4","chunk_label":"unnamed-chunk-14"},{"row":174,"row_count":1,"visible":true,"expansion_state":0,"options":{"engine":"r","label":"unnamed-chunk-11"},"document_id":"7CF42766","chunk_id":"chk7clq92ixjg","chunk_label":"unnamed-chunk-15"},{"row":180,"row_count":1,"visible":true,"expansion_state":0,"options":{"engine":"r","label":"unnamed-chunk-12"},"document_id":"7CF42766","chunk_id":"csiynyawhbmrl","chunk_label":"unnamed-chunk-16"},{"row":186,"row_count":1,"visible":true,"expansion_state":0,"options":{"engine":"r","label":"unnamed-chunk-13"},"document_id":"7CF42766","chunk_id":"c92zlj9sip209","chunk_label":"unnamed-chunk-17"},{"row":203,"row_count":1,"visible":true,"expansion_state":0,"options":{"engine":"r","label":"unnamed-chunk-14"},"document_id":"7CF42766","chunk_id":"co59px39gefse","chunk_label":"unnamed-chunk-20"},{"row":216,"row_count":1,"visible":true,"expansion_state":0,"options":{"engine":"r","label":"unnamed-chunk-15"},"document_id":"7CF42766","chunk_id":"c2rs95zqu7ryi","chunk_label":"unnamed-chunk-21"},{"row":220,"row_count":1,"visible":true,"expansion_state":0,"options":{"engine":"r","label":"unnamed-chunk-16"},"document_id":"7CF42766","chunk_id":"c8kdqqd4360tv","chunk_label":"unnamed-chunk-22"},{"row":224,"row_count":1,"visible":true,"expansion_state":0,"options":{"engine":"r","label":"unnamed-chunk-17"},"document_id":"7CF42766","chunk_id":"cdqwtqn5qt5sv","chunk_label":"unnamed-chunk-23"},{"row":262,"row_count":1,"visible":true,"expansion_state":0,"options":{"engine":"r","label":"unnamed-chunk-4"},"document_id":"7CF42766","chunk_id":"c0lj2jf86hz33","chunk_label":"unnamed-chunk-28"},{"row":277,"row_count":1,"visible":true,"expansion_state":0,"options":{"engine":"r","label":"unnamed-chunk-5"},"document_id":"7CF42766","chunk_id":"c4ptaxgep4wpe","chunk_label":"unnamed-chunk-31"},{"row":320,"row_count":1,"visible":true,"expansion_state":0,"options":{"engine":"r","label":"unnamed-chunk-1"},"document_id":"7CF42766","chunk_id":"c3vfxt2ci6pz8","chunk_label":"unnamed-chunk-37"},{"row":421,"row_count":1,"visible":true,"expansion_state":0,"options":{"engine":"r","eval":false,"label":"unnamed-chunk-1"},"document_id":"7CF42766","chunk_id":"cg5lt0a9ubn3t","chunk_label":"unnamed-chunk-48"},{"row":436,"row_count":1,"visible":true,"expansion_state":0,"options":{"engine":"r","label":"unnamed-chunk-1"},"document_id":"7CF42766","chunk_id":"ct390phgvr0w6","chunk_label":"unnamed-chunk-50"},{"row":441,"row_count":1,"visible":true,"expansion_state":0,"options":{"engine":"r","label":"unnamed-chunk-2"},"document_id":"7CF42766","chunk_id":"c4rdtv5y8bkrw","chunk_label":"unnamed-chunk-51"},{"row":485,"row_count":1,"visible":true,"expansion_state":0,"options":{"engine":"r","label":"unnamed-chunk-1"},"document_id":"7CF42766","chunk_id":"cjofbnctd6hvt","chunk_label":"unnamed-chunk-53"},{"row":609,"row_count":1,"visible":true,"expansion_state":0,"options":{"engine":"r","label":"unnamed-chunk-1"},"document_id":"7CF42766","chunk_id":"ckzul12c9sxbc","chunk_label":"unnamed-chunk-69"}],"doc_write_time":1630109940}