{"chunk_definitions":[{"row":127,"row_count":1,"visible":true,"expansion_state":0,"options":{"engine":"r","label":"unnamed-chunk-2"},"document_id":"4370210E","chunk_id":"crfwhwmdvt016","chunk_label":"unnamed-chunk-5"},{"row":133,"row_count":1,"visible":true,"expansion_state":0,"options":{"engine":"r","label":"unnamed-chunk-3"},"document_id":"4370210E","chunk_id":"c37ggk4kpw0jq","chunk_label":"unnamed-chunk-6"},{"row":158,"row_count":1,"visible":true,"expansion_state":0,"options":{"engine":"r","label":"unnamed-chunk-4"},"document_id":"4370210E","chunk_id":"czg79fxyutp2y","chunk_label":"unnamed-chunk-9"},{"row":164,"row_count":1,"visible":true,"expansion_state":0,"options":{"engine":"r","label":"unnamed-chunk-5"},"document_id":"4370210E","chunk_id":"cp41jn85dajcl","chunk_label":"unnamed-chunk-10"},{"row":172,"row_count":1,"visible":true,"expansion_state":0,"options":{"engine":"r","label":"unnamed-chunk-6"},"document_id":"4370210E","chunk_id":"c0xx0u8n73m8z","chunk_label":"unnamed-chunk-11"},{"row":178,"row_count":1,"visible":true,"expansion_state":0,"options":{"engine":"r","label":"unnamed-chunk-7"},"document_id":"4370210E","chunk_id":"ck3z084kb4o0u","chunk_label":"unnamed-chunk-12"},{"row":186,"row_count":1,"visible":true,"expansion_state":0,"options":{"engine":"r","label":"unnamed-chunk-8"},"document_id":"4370210E","chunk_id":"cei9k6kypbfkw","chunk_label":"unnamed-chunk-13"},{"row":204,"row_count":1,"visible":true,"expansion_state":0,"options":{"engine":"r","label":"unnamed-chunk-13"},"document_id":"4370210E","chunk_id":"c08giz1mtgbzh","chunk_label":"unnamed-chunk-16"},{"row":227,"row_count":1,"visible":true,"expansion_state":0,"options":{"engine":"r","label":"unnamed-chunk-9"},"document_id":"4370210E","chunk_id":"cb67yqioxf73h","chunk_label":"unnamed-chunk-19"},{"row":234,"row_count":1,"visible":true,"expansion_state":0,"options":{"engine":"r","label":"unnamed-chunk-11"},"document_id":"4370210E","chunk_id":"cvmjy3xptnw2x","chunk_label":"unnamed-chunk-20"},{"row":240,"row_count":1,"visible":true,"expansion_state":0,"options":{"engine":"r","label":"unnamed-chunk-14"},"document_id":"4370210E","chunk_id":"c9stz1jg9tfpj","chunk_label":"unnamed-chunk-21"},{"row":275,"row_count":1,"visible":true,"expansion_state":0,"options":{"engine":"r","label":"unnamed-chunk-15"},"document_id":"4370210E","chunk_id":"c58pgxwfk0zw6","chunk_label":"unnamed-chunk-25"},{"row":281,"row_count":1,"visible":true,"expansion_state":0,"options":{"engine":"r","label":"unnamed-chunk-16"},"document_id":"4370210E","chunk_id":"cabnecwll92wm","chunk_label":"unnamed-chunk-26"},{"row":296,"row_count":1,"visible":true,"expansion_state":0,"options":{"engine":"r","label":"unnamed-chunk-18"},"document_id":"4370210E","chunk_id":"c2cugj7a7ad3s","chunk_label":"unnamed-chunk-27"},{"row":302,"row_count":1,"visible":true,"expansion_state":0,"options":{"engine":"r","label":"unnamed-chunk-19"},"document_id":"4370210E","chunk_id":"cu6vsfi0uzpop","chunk_label":"unnamed-chunk-28"},{"row":312,"row_count":1,"visible":true,"expansion_state":0,"options":{"engine":"r","label":"unnamed-chunk-21"},"document_id":"4370210E","chunk_id":"cwtqjxmid8gsf","chunk_label":"unnamed-chunk-29"},{"row":319,"row_count":1,"visible":true,"expansion_state":0,"options":{"engine":"r","label":"unnamed-chunk-22"},"document_id":"4370210E","chunk_id":"chm1dpmpr3kml","chunk_label":"unnamed-chunk-30"},{"row":326,"row_count":1,"visible":true,"expansion_state":0,"options":{"engine":"r","label":"unnamed-chunk-23"},"document_id":"4370210E","chunk_id":"crg9pbs99q5ym","chunk_label":"unnamed-chunk-31"},{"row":332,"row_count":1,"visible":true,"expansion_state":0,"options":{"engine":"r","label":"unnamed-chunk-24"},"document_id":"4370210E","chunk_id":"czhewb1xnhwrs","chunk_label":"unnamed-chunk-32"},{"row":349,"row_count":1,"visible":true,"expansion_state":0,"options":{"engine":"r","label":"unnamed-chunk-25"},"document_id":"4370210E","chunk_id":"cxqo6gu9p58gd","chunk_label":"unnamed-chunk-34"},{"row":362,"row_count":1,"visible":true,"expansion_state":0,"options":{"engine":"r","label":"unnamed-chunk-26"},"document_id":"4370210E","chunk_id":"c83zlda96tfkh","chunk_label":"unnamed-chunk-35"},{"row":369,"row_count":1,"visible":true,"expansion_state":0,"options":{"engine":"r","label":"unnamed-chunk-28"},"document_id":"4370210E","chunk_id":"co0gewcdzzt6l","chunk_label":"unnamed-chunk-36"},{"row":379,"row_count":1,"visible":true,"expansion_state":0,"options":{"engine":"r","label":"unnamed-chunk-1"},"document_id":"4370210E","chunk_id":"cre34p7f8r2bc","chunk_label":"unnamed-chunk-37"},{"row":391,"row_count":1,"visible":true,"expansion_state":0,"options":{"engine":"r","label":"unnamed-chunk-2"},"document_id":"4370210E","chunk_id":"c14zns5jiturf","chunk_label":"unnamed-chunk-39"},{"row":400,"row_count":1,"visible":true,"expansion_state":0,"options":{"engine":"r","label":"unnamed-chunk-3"},"document_id":"4370210E","chunk_id":"c5udiivxuwhw8","chunk_label":"unnamed-chunk-40"},{"row":407,"row_count":1,"visible":true,"expansion_state":0,"options":{"engine":"r","label":"unnamed-chunk-4"},"document_id":"4370210E","chunk_id":"cdssleeptrghw","chunk_label":"unnamed-chunk-41"},{"row":429,"row_count":1,"visible":true,"expansion_state":0,"options":{"engine":"r","label":"unnamed-chunk-6"},"document_id":"4370210E","chunk_id":"cme5mp4ffh9b3","chunk_label":"unnamed-chunk-43"},{"row":437,"row_count":1,"visible":true,"expansion_state":0,"options":{"engine":"r","label":"unnamed-chunk-7"},"document_id":"4370210E","chunk_id":"cuoqmbcdp6b7u","chunk_label":"unnamed-chunk-44"},{"row":445,"row_count":1,"visible":true,"expansion_state":0,"options":{"engine":"r","label":"unnamed-chunk-8"},"document_id":"4370210E","chunk_id":"cqbu1fij3gya0","chunk_label":"unnamed-chunk-45"},{"row":451,"row_count":1,"visible":true,"expansion_state":0,"options":{"engine":"r","label":"unnamed-chunk-9"},"document_id":"4370210E","chunk_id":"chrwc6blupgez","chunk_label":"unnamed-chunk-46"},{"row":483,"row_count":1,"visible":true,"expansion_state":0,"options":{"engine":"r","label":"unnamed-chunk-11"},"document_id":"4370210E","chunk_id":"cjivnb69hrq1o","chunk_label":"unnamed-chunk-47"},{"row":513,"row_count":1,"visible":true,"expansion_state":0,"options":{"engine":"r","label":"unnamed-chunk-12"},"document_id":"4370210E","chunk_id":"cpe6mj24rcgfk","chunk_label":"unnamed-chunk-50"},{"row":575,"row_count":1,"visible":true,"expansion_state":0,"options":{"engine":"r","label":"unnamed-chunk-4"},"document_id":"4370210E","chunk_id":"clz0d16nskjf8","chunk_label":"unnamed-chunk-53"},{"row":592,"row_count":1,"visible":true,"expansion_state":0,"options":{"engine":"r","label":"unnamed-chunk-3"},"document_id":"4370210E","chunk_id":"csdqd74n52mpo","chunk_label":"unnamed-chunk-55"},{"row":600,"row_count":1,"visible":true,"expansion_state":0,"options":{"engine":"r","label":"unnamed-chunk-4"},"document_id":"4370210E","chunk_id":"cxqu5xppk2dss","chunk_label":"unnamed-chunk-56"},{"row":606,"row_count":1,"visible":true,"expansion_state":0,"options":{"engine":"r","label":"unnamed-chunk-5"},"document_id":"4370210E","chunk_id":"cn80sj5ve2p8l","chunk_label":"unnamed-chunk-57"},{"row":613,"row_count":1,"visible":true,"expansion_state":0,"options":{"engine":"r","label":"unnamed-chunk-6"},"document_id":"4370210E","chunk_id":"cdwdrgxnj9qjq","chunk_label":"unnamed-chunk-58"},{"row":624,"row_count":1,"visible":true,"expansion_state":0,"options":{"engine":"r","label":"unnamed-chunk-11"},"document_id":"4370210E","chunk_id":"cjkjx5rptrodi","chunk_label":"unnamed-chunk-59"},{"row":638,"row_count":1,"visible":true,"expansion_state":0,"options":{"engine":"r","label":"unnamed-chunk-12"},"document_id":"4370210E","chunk_id":"c11gpoeeri0a2","chunk_label":"unnamed-chunk-60"},{"row":645,"row_count":1,"visible":true,"expansion_state":0,"options":{"engine":"r","label":"unnamed-chunk-16"},"document_id":"4370210E","chunk_id":"c3on6un1jeyz5","chunk_label":"unnamed-chunk-61"},{"row":657,"row_count":1,"visible":true,"expansion_state":0,"options":{"engine":"r","label":"unnamed-chunk-17"},"document_id":"4370210E","chunk_id":"cjfsw2jai52z8","chunk_label":"unnamed-chunk-62"},{"row":663,"row_count":1,"visible":true,"expansion_state":0,"options":{"engine":"r","label":"unnamed-chunk-18"},"document_id":"4370210E","chunk_id":"cyx6gdfenhyuz","chunk_label":"unnamed-chunk-63"},{"row":672,"row_count":1,"visible":true,"expansion_state":0,"options":{"engine":"r","label":"unnamed-chunk-19"},"document_id":"4370210E","chunk_id":"c1qqgwyblqlsv","chunk_label":"unnamed-chunk-64"},{"row":679,"row_count":1,"visible":true,"expansion_state":0,"options":{"engine":"r","label":"unnamed-chunk-2"},"document_id":"4370210E","chunk_id":"ckdwgh99bucuz","chunk_label":"unnamed-chunk-65"},{"row":691,"row_count":1,"visible":true,"expansion_state":0,"options":{"engine":"r","label":"unnamed-chunk-3"},"document_id":"4370210E","chunk_id":"c0kusnynk5du5","chunk_label":"unnamed-chunk-66"},{"row":704,"row_count":1,"visible":true,"expansion_state":0,"options":{"engine":"r","label":"unnamed-chunk-12"},"document_id":"4370210E","chunk_id":"cjqmai3dl9di2","chunk_label":"unnamed-chunk-67"},{"row":713,"row_count":1,"visible":true,"expansion_state":0,"options":{"engine":"r","label":"unnamed-chunk-8"},"document_id":"4370210E","chunk_id":"cccem070ymxar","chunk_label":"unnamed-chunk-68"}],"doc_write_time":1630284479}