"0","get_acs(geography = ""tract"", state=""IL"", county =""Champaign"", variables = c(age = ""B01002_001""), year=2019, survey = ""acs1"", geometry=TRUE) %>% 
    mutate(NAME = str_replace(NAME, "", Champaign County, Illinois"", """")) %>% 
  ggplot(aes(x = estimate, y = reorder(NAME, estimate))) +
  geom_errorbarh(aes(xmin = estimate - moe, xmax = estimate + moe)) +
  geom_point(color = ""blue"", size = 1) +
  labs(title = ""Median Age by Census Tract"",
       caption = ""Note: bars represent margin of error \nData Source: 2015-2019 American Community Survey"",
       y = """",
       x = ""Age"")
"
"2","The 1-year ACS provides data for geographies with populations of 65,000 and greater.
"
"2","Getting data from the 2019 1-year ACS
"
"2","Downloading feature geometry from the Census website.  To cache shapefiles for use in future sessions, set `options(tigris_use_cache = TRUE)`.
"
"2","Using FIPS code '17' for state 'IL'
"
"2","Using FIPS code '019' for 'Champaign County'
"
"2","Error: Your API call has errors.  The API message returned is error: unknown/unsupported geography heirarchy.
"
