{"chunk_definitions":[{"row":23,"row_count":1,"visible":true,"expansion_state":0,"options":[],"document_id":null,"chunk_id":"chizidksvfqxf","chunk_label":"X_LearningCurve"},{"row":56,"row_count":1,"visible":true,"expansion_state":0,"options":[],"document_id":null,"chunk_id":"crkay3r1ei7wo","chunk_label":"X_Analogy"},{"row":64,"row_count":1,"visible":true,"expansion_state":0,"options":[],"document_id":null,"chunk_id":"cffiamvxu0g4r","chunk_label":"X_RStudio Interface"},{"row":117,"row_count":1,"visible":true,"expansion_state":0,"options":{"engine":"r","label":"unnamed-chunk-5"},"document_id":"7991B9DD","chunk_id":"cpqranae9oj6l","chunk_label":"unnamed-chunk-4"},{"row":127,"row_count":1,"visible":true,"expansion_state":0,"options":{"engine":"r","label":"unnamed-chunk-6"},"document_id":"7991B9DD","chunk_id":"c9jjk6wlr40ji","chunk_label":"unnamed-chunk-5"},{"row":135,"row_count":1,"visible":true,"expansion_state":0,"options":{"engine":"r","label":"unnamed-chunk-1"},"document_id":"7991B9DD","chunk_id":"cj66dqdmzyb1f","chunk_label":"unnamed-chunk-6"},{"row":141,"row_count":1,"visible":true,"expansion_state":0,"options":{"engine":"r","label":"unnamed-chunk-3"},"document_id":"7991B9DD","chunk_id":"cnnosppzc7ur7","chunk_label":"unnamed-chunk-7"},{"row":157,"row_count":1,"visible":true,"expansion_state":0,"options":{"engine":"r","label":"unnamed-chunk-1"},"document_id":"7991B9DD","chunk_id":"ca7zzzklzpsb1","chunk_label":"unnamed-chunk-9"},{"row":165,"row_count":1,"visible":true,"expansion_state":0,"options":{"engine":"r","label":"unnamed-chunk-2"},"document_id":"7991B9DD","chunk_id":"ca6klew8ev1cc","chunk_label":"unnamed-chunk-10"},{"row":171,"row_count":1,"visible":true,"expansion_state":0,"options":{"engine":"r","label":"unnamed-chunk-3"},"document_id":"7991B9DD","chunk_id":"c1be755m1zpux","chunk_label":"unnamed-chunk-11"},{"row":179,"row_count":1,"visible":true,"expansion_state":0,"options":{"engine":"r","label":"unnamed-chunk-4"},"document_id":"7991B9DD","chunk_id":"ciyqabtfz031t","chunk_label":"unnamed-chunk-12"},{"row":100,"row_count":1,"visible":true,"expansion_state":0,"options":{"engine":"r","label":"unnamed-chunk-2"},"document_id":"7991B9DD","chunk_id":"cay27x010jnv7","chunk_label":"unnamed-chunk-3"},{"row":185,"row_count":1,"visible":true,"expansion_state":0,"options":{"engine":"r","label":"unnamed-chunk-5"},"document_id":"7991B9DD","chunk_id":"cprhrltitafif","chunk_label":"unnamed-chunk-13"},{"row":191,"row_count":1,"visible":true,"expansion_state":0,"options":{"engine":"r","label":"unnamed-chunk-6"},"document_id":"7991B9DD","chunk_id":"ccjexzr3pgr65","chunk_label":"unnamed-chunk-14"},{"row":197,"row_count":1,"visible":true,"expansion_state":0,"options":{"engine":"r","label":"unnamed-chunk-7"},"document_id":"7991B9DD","chunk_id":"chx0ahe4wdylw","chunk_label":"unnamed-chunk-15"},{"row":203,"row_count":1,"visible":true,"expansion_state":0,"options":{"engine":"r","label":"unnamed-chunk-8"},"document_id":"7991B9DD","chunk_id":"cdglkedgdegow","chunk_label":"unnamed-chunk-16"},{"row":211,"row_count":1,"visible":true,"expansion_state":0,"options":{"engine":"r","label":"unnamed-chunk-9"},"document_id":"7991B9DD","chunk_id":"c1t02u7qtf0a3","chunk_label":"unnamed-chunk-17"},{"row":231,"row_count":1,"visible":true,"expansion_state":0,"options":{"engine":"r","label":"unnamed-chunk-10"},"document_id":"7991B9DD","chunk_id":"csiirtr9yyiqr","chunk_label":"unnamed-chunk-20"},{"row":245,"row_count":1,"visible":true,"expansion_state":0,"options":{"engine":"r","label":"unnamed-chunk-1"},"document_id":"7991B9DD","chunk_id":"c2epdrscoarzk","chunk_label":"unnamed-chunk-21"},{"row":251,"row_count":1,"visible":true,"expansion_state":0,"options":{"engine":"r","label":"unnamed-chunk-2"},"document_id":"7991B9DD","chunk_id":"cc3jx4rzjqhju","chunk_label":"unnamed-chunk-22"},{"row":257,"row_count":1,"visible":true,"expansion_state":0,"options":{"engine":"r","label":"unnamed-chunk-3"},"document_id":"7991B9DD","chunk_id":"c13j3g447q29l","chunk_label":"unnamed-chunk-23"},{"row":300,"row_count":1,"visible":true,"expansion_state":0,"options":{"engine":"r","label":"unnamed-chunk-2"},"document_id":"7991B9DD","chunk_id":"ck8tbnd2l113m","chunk_label":"unnamed-chunk-28"}],"doc_write_time":1630281539,"chunk_rendered_width":580}